source,origin,identifier,period_days,duration_hours,depth_ppm,snr,teff_k,logg_cgs,star_rad_rsun,star_mass_msun,Pred_Class_Index,Pred_Label,Prob_class_0,Prob_class_1,Prob_class_2,Est_Radius_Re,Est_SemiMajorAxis_AU,Est_a_over_Rstar,Period_vs_Earth
TIC150428135,download,TIC 150428135,14.82819015846539,1.2000000000000002,2191.947679351392,0.013138728746779146,3494.0,4.80892,0.419457,0.413261,0,CANDIDATE,0.33333334,0.33333334,0.33333334,2.1425318602739005,0.08798461855905405,45.104762819527416,0.04059737209709895
TIC307210830,download,TIC 307210830,3.687656380316931,1.2000000000000002,1198.947407095466,0.018555880529369184,3429.0,4.91039,0.31416,0.292836,0,CANDIDATE,0.33333334,0.33333334,0.33333334,1.1867949926115806,0.031020464960021105,21.232469510068945,0.010096252923523424
KIC11446443,download,KIC 11446443,2.467889908256881,1.2000000000000002,11707.618243778172,0.20613512811905657,5854.0,4.44824,1.01613,1.057,0,CANDIDATE,0.33333334,0.33333334,0.33333334,11.995222289936802,0.036406760270154506,7.704347351630071,0.00675671432787647
