{
  "accuracy": 0.7041128084606345,
  "balanced_accuracy": 0.4480986410423801,
  "f1_macro": 0.4441716070180154,
  "classification_report": {
    "0": {
      "precision": 0.27358490566037735,
      "recall": 0.31521739130434784,
      "f1-score": 0.29292929292929293,
      "support": 92.0
    },
    "1": {
      "precision": 0.6472222222222223,
      "recall": 0.6944858420268256,
      "f1-score": 0.6700215672178289,
      "support": 671.0
    },
    "2": {
      "precision": 0.7293307086614174,
      "recall": 0.7322134387351779,
      "f1-score": 0.7307692307692307,
      "support": 1012.0
    },
    "3": {
      "precision": 0.2857142857142857,
      "recall": 0.291970802919708,
      "f1-score": 0.2888086642599278,
      "support": 137.0
    },
    "4": {
      "precision": 0.25,
      "recall": 0.05,
      "f1-score": 0.08333333333333333,
      "support": 20.0
    },
    "5": {
      "precision": 0.9761904761904762,
      "recall": 0.9581304771178188,
      "f1-score": 0.9670761670761671,
      "support": 1027.0
    },
    "6": {
      "precision": 0.4618320610687023,
      "recall": 0.5062761506276151,
      "f1-score": 0.48303393213572854,
      "support": 239.0
    },
    "7": {
      "precision": 0.25,
      "recall": 0.3162393162393162,
      "f1-score": 0.2792452830188679,
      "support": 117.0
    },
    "8": {
      "precision": 0.6796230859835101,
      "recall": 0.6164529914529915,
      "f1-score": 0.646498599439776,
      "support": 936.0
    },
    "9": {
      "precision": 0.0,
      "recall": 0.0,
      "f1-score": 0.0,
      "support": 4.0
    },
    "accuracy": 0.7041128084606345,
    "macro avg": {
      "precision": 0.4553497745500992,
      "recall": 0.4480986410423801,
      "f1-score": 0.4441716070180154,
      "support": 4255.0
    },
    "weighted avg": {
      "precision": 0.7097495057258947,
      "recall": 0.7041128084606345,
      "f1-score": 0.7059301063026785,
      "support": 4255.0
    }
  }
}